wall_start_s,duration_s,system_percent_per_hour,brightness_percent
1791219290.8533957,1.028340416,9.365868535,36.0
1791219291.881736,1.003091708,5.225447887,36.0
1791219292.8848279,0.968896583,4.812336898,36.0
1791219293.8537245,1.030269417,5.196100725,36.0
1791219294.8839939,0.981074417,5.157761207,36.0
1791219295.8650684,1.016996166,4.401644384,36.0
1791219296.8820646,0.983150083,4.903313107,36.0
1791219297.8652148,1.015562333,4.916704722,36.0
1791219298.8807771,1.000881375,5.041696106,36.0
1791219299.8816586,1.002880166,4.813783698,36.0
1791219300.8845387,0.970528375,5.22569051,36.0
1791219301.8550673,1.030085916,5.11556358,36.0
1791219302.885153,0.97011725,5.623292426,36.0
1791219303.8552704,1.029804458,5.358566691,36.0
1791219304.8850749,0.968080958,5.593347344,36.0
1791219305.8531559,1.027411583,5.043839542,36.0
1791219306.8805676,1.006729125,5.395096387,36.0
1791219307.8872967,0.967277792,5.207855883,36.0
1791219308.8545744,1.021796541,4.977360115,36.0
1791219309.8763711,0.977543958,5.824082647,36.0
1791219310.8539152,1.027735417,5.280838037,36.0
1791219311.8816507,0.973534,5.293226997,36.0
1791219312.8551846,1.026542292,5.114639456,36.0
1791219313.881727,0.972328917,5.543539614,36.0
1791219314.854056,1.027297041,5.203473091,36.0
1791219315.881353,0.971660208,4.833292806,36.0
1791219316.8530133,1.028294917,5.197226031,36.0
1791219317.8813083,0.972932209,4.922384393,36.0
1791219318.8542404,1.026659917,5.185939022,36.0
1791219319.8809004,1.004643333,5.537855519,36.0
1791219320.8855438,0.967475125,5.698238409,36.0
1791219321.853019,1.037262125,5.27694269,36.0
1791219322.8902812,0.964895208,5.586269585,36.0
1791219323.8551764,1.030081458,5.002201675,36.0
1791219324.885258,0.969309542,5.101637944,36.0
1791219325.8545675,1.028787459,5.363098805,36.0
1791219326.883355,1.002380417,5.877863309,36.0
1791219327.8857355,0.965930166,5.395256819,36.0
1791219328.8516657,1.0322455,5.13273951,36.0
1791219329.8839111,0.973174791,7.451399001,36.0
1791219330.857086,1.033048333,4.802840726,36.0
1791219331.8901343,0.965435958,4.198215685,36.0
1791219332.8555703,1.023051917,3.993458361,36.0
1791219333.8786223,1.00351825,5.126648616,36.0
1791219334.8821406,0.974548667,5.062012594,36.0
1791219335.8566892,1.024823209,4.322970723,36.0
1791219336.8815126,0.973172792,4.612573619,36.0
1791219337.8546853,1.035038041,4.351500563,36.0
1791219338.8897235,0.965275,4.929955537,36.0
1791219339.8549986,1.031746166,4.209171589,36.0
1791219340.8867447,0.997338917,4.112389966,36.0
1791219341.8840837,1.007070917,3.938568497,36.0
1791219342.8911548,1.001727833,4.752191657,36.0
1791219343.8928826,0.961894041,5.042023666,36.0
1791219344.8547766,1.036370417,4.877264511,36.0
1791219345.8911471,0.999546334,4.592486422,36.0
1791219346.8906934,0.98967125,4.393050852,36.0
1791219347.8803647,0.973989458,4.668095624,36.0
1791219348.8543541,1.026936542,4.55526192,36.0
1791219349.881291,1.000050834,4.517586673,36.0
1791219350.8813417,0.971815209,4.57133481,36.0
1791219351.853157,1.029510834,4.813941525,36.0
1791219352.8826678,0.971599875,4.527619578,36.0
1791219353.8542678,1.030419833,4.332567256,36.0
1791219354.8846877,0.96999075,4.29825124,36.0
1791219355.8546784,1.025921583,4.778131393,36.0
1791219356.8806,0.996285333,4.402391688,36.0
1791219357.8768854,1.004377708,5.246337754,36.0
1791219358.8812633,0.971743458,5.339441312,36.0
1791219359.8530066,1.148294,4.491434186,36.0
1791219361.0013008,0.880683084,4.69030191,36.0
1791219361.8819838,0.9727965,8.851112142,36.0
1791219362.8547804,1.034837917,5.898654206,36.0
1791219363.8896184,0.965203,4.936962334,36.0
1791219364.8548214,1.0290765,4.897184385,36.0
1791219365.883898,0.970449375,6.04029874,36.0
1791219366.8543472,1.028077917,4.677146308,36.0
1791219367.8824253,0.967859208,4.687712098,36.0
1791219368.8502846,1.036493916,4.879962577,36.0
1791219369.8867786,0.966130417,4.592228334,36.0
1791219370.8529088,1.029031417,4.58855901,36.0
1791219371.8819404,1.012788416,4.827103944,36.0
1791219372.894729,0.998092292,4.328585361,36.0
1791219373.8928213,0.960638417,4.652653527,36.0
1791219374.8534596,1.035353083,5.164940898,36.0
1791219375.8888128,0.964189208,4.658474728,36.0
1791219376.853002,1.026443458,5.632552648,36.0
1791219377.8794456,0.998983125,4.816199177,36.0
1791219378.8784287,0.999440542,4.405471093,36.0
1791219379.8778694,1.004819125,4.580696285,36.0
1791219380.8826885,0.974071375,4.488649946,36.0
1791219381.8567598,1.037744375,5.545234923,36.0
1791219382.8945043,0.956386625,4.668100649,36.0
1791219383.8508909,1.041989792,4.527352433,36.0
1791219384.8928807,0.958298541,4.343029373,36.0
1791219385.8511794,1.029710375,5.679496733,36.0
1791219386.88089,1.000802291,14.529622082,36.0
1791219387.8816922,0.969409125,8.96478217,36.0
1791219388.8511014,1.028799333,7.762223482,36.0
1791219389.8799007,0.999461041,7.114538387,36.0
1791219390.8793616,0.97626225,15.275032112,36.0
1791219391.855624,1.024709916,19.509746863,36.0
1791219392.880334,0.970785583,8.150217711,36.0
1791219393.8511195,1.02611525,7.64229467,36.0
1791219394.877235,1.005311166,8.10519681,36.0
1791219395.8825462,0.999144292,12.202324601,36.0
1791219396.8816905,0.974177875,23.104280174,36.0
1791219397.8558683,1.028652167,11.971468865,36.0
1791219398.8845205,0.998852667,11.777344903,36.0
1791219399.8833733,0.975551291,12.442931941,36.0
1791219400.8589246,1.023937958,12.047354002,36.0
1791219401.8828626,1.002756458,10.397072375,36.0
1791219402.8856192,0.999782875,10.47874234,36.0
1791219403.885402,0.971356833,10.83600562,36.0
1791219404.8567588,1.025950833,10.480124755,36.0
1791219405.8827097,0.973724458,10.690079428,36.0
1791219406.8564343,1.025329833,10.721275101,36.0
1791219407.8817642,1.002704541,10.865373623,36.0
1791219408.8844688,0.973465708,10.951143415,36.0
1791219409.8579345,1.024826375,10.704309683,36.0
1791219410.882761,1.000310416,10.8209629,36.0
1791219411.8830714,0.974686083,10.949005915,36.0
1791219412.8577576,1.022541708,10.609814409,36.0
1791219413.8802993,0.976951667,11.089723265,36.0
1791219414.857251,1.026478959,10.956178009,36.0
1791219415.88373,0.972466625,10.386744965,36.0
1791219416.8561966,1.025208167,11.018310259,36.0
1791219417.8814049,0.975204667,11.456898778,36.0
1791219418.8566096,1.027535333,11.351984566,36.0
1791219419.884145,0.974345583,10.821306273,36.0
1791219420.8584905,1.023995666,10.746916249,36.0
1791219421.8824863,0.999239917,10.871682173,36.0
1791219422.8817263,1.003495292,11.126327718,36.0
1791219423.8852215,0.997764375,10.799799611,36.0
1791219424.882986,0.972700792,11.204721376,36.0
1791219425.855687,1.025906208,10.847839037,36.0
1791219426.881593,0.973656333,10.723830359,36.0
1791219427.8552494,1.028057083,10.905955311,36.0
1791219428.8833065,0.971893958,10.739710452,36.0
1791219429.8552005,1.026052833,10.107925774,36.0
1791219430.8812535,1.000480208,10.268057411,36.0
1791219431.8817337,0.973175083,10.599240955,36.0
1791219432.8549087,1.030636208,10.496952792,36.0
1791219433.885545,0.969834916,10.94168644,36.0
1791219434.85538,1.029764667,10.324287512,36.0
1791219435.8851447,0.99920825,7.910607931,36.0
1791219436.884353,0.969936125,6.950772646,36.0
1791219437.854289,1.02362425,6.579536835,36.0
1791219438.8779135,0.977628875,27.789779525,36.0
1791219439.8555424,1.029120625,14.85724078,36.0
1791219440.884663,0.999703791,11.80979154,36.0
1791219441.8843668,1.002529042,12.321804197,36.0
1791219442.886896,0.97033575,12.818278748,36.0
1791219443.8572319,1.028659417,10.981769623,36.0
1791219444.8858912,1.001844625,9.81825799,36.0
1791219445.8877358,0.968560542,10.126445679,36.0
1791219446.8562965,1.033148792,9.882519668,36.0
1791219447.8894453,0.99696225,10.367394641,36.0
1791219448.8864076,0.971046542,10.389458583,36.0
1791219449.857454,1.026138541,9.834143523,36.0
1791219450.8835928,0.974110125,10.262989435,36.0
1791219451.857703,1.034529375,9.958626245,36.0
1791219452.8922324,0.991700709,10.246696694,36.0
1791219453.883933,0.973190959,9.599371229,36.0
1791219454.857124,1.029024625,9.880776517,36.0
1791219455.8861487,0.999637167,9.87733642,36.0
1791219456.885786,0.9708745,10.336961148,36.0
1791219457.8566606,1.02831975,10.122171723,36.0
1791219458.8849802,0.999465666,10.098731097,36.0
1791219459.884446,1.00141875,10.103429179,36.0
1791219460.8858647,0.971308166,9.820870805,36.0
1791219461.857173,1.026163292,9.716679342,36.0
1791219462.8833363,0.974641209,10.186700655,36.0
1791219463.8579776,1.025500292,9.83307531,36.0
1791219464.883478,1.001804916,9.882183313,36.0
1791219465.8852828,0.97176775,9.621717678,36.0
1791219466.8570507,1.028181375,9.908497547,36.0
1791219467.885232,0.972391417,9.962402681,36.0
1791219468.8576236,1.026317791,9.664532178,36.0
1791219469.8839414,0.973114917,10.069556376,36.0
1791219470.8570564,1.027830667,10.000695232,36.0
1791219471.884887,0.972681208,9.886518861,36.0
1791219472.8575683,1.024227458,10.531197605,36.0
1791219473.881796,1.003307708,10.055351094,36.0
1791219474.8851035,0.99858875,9.534792147,36.0
1791219475.8836923,0.97223725,9.907749791,36.0
1791219476.8559296,1.029205333,10.265890188,36.0
1791219477.885135,0.968898375,8.699902642,36.0
1791219478.8540335,1.028599583,7.11774617,36.0
1791219479.882633,0.998943333,6.273567534,36.0
1791219480.8815763,1.001050916,15.808847928,36.0
1791219481.8826275,1.002249583,12.272682298,36.0
1791219482.884877,1.000695167,11.525922721,36.0
1791219483.8855722,0.969870542,11.761153312,36.0
1791219484.8554428,1.028806958,11.950170896,36.0
1791219485.8842497,1.002248958,11.80587245,36.0
1791219486.8864987,0.968500875,10.431850175,36.0
1791219487.8549998,1.029116667,10.446237087,36.0
1791219488.8841164,0.997635125,10.201663853,36.0
1791219489.8817515,1.002353542,10.688413981,36.0
1791219490.8841052,0.970591375,10.8563915,36.0
1791219491.8546965,1.028379834,10.204134941,36.0
1791219492.8830764,0.971241584,10.52638412,36.0
1791219493.8543181,1.0272905,10.424229829,36.0
1791219494.8816087,1.003203208,10.500758908,36.0
1791219495.8848119,0.9704885,10.508292126,36.0
1791219496.8553004,1.025448416,10.71026645,36.0
1791219497.880749,0.999131042,9.947550806,36.0
1791219498.87988,1.00516925,10.021494379,36.0
1791219499.8850493,0.9786,9.832251458,36.0
1791219500.8636494,1.02043425,9.774752543,36.0
1791219501.8840835,0.998879167,10.538736399,36.0
1791219502.8829627,0.971980541,9.895722944,36.0
1791219503.8549433,1.027666792,9.758442408,36.0
1791219504.88261,1.00437425,9.954675929,36.0
1791219505.8869846,1.003039042,10.661584453,36.0
1791219506.8900235,0.99267975,10.607349387,36.0
1791219507.8827033,1.001354792,10.406112275,36.0
1791219508.8840582,0.998144875,10.599770024,36.0
1791219509.882203,0.9746295,10.708648673,36.0
1791219510.8568327,1.025249875,10.626667603,36.0
1791219511.8820825,1.001834375,10.607686996,36.0
1791219512.883917,0.996127625,10.584844985,36.0
1791219513.8800447,1.00330875,10.536400622,36.0
1791219514.8833535,0.974746334,10.383636622,36.0
1791219515.8581,1.027539834,10.02023224,36.0
1791219516.8856397,0.96729075,10.254973879,36.0
1791219517.8529305,1.047999708,10.182462455,36.0
1791219518.9009302,0.95710975,14.242175404,36.0
1791219519.85804,1.028163833,18.95523751,36.0
1791219520.886204,0.969408166,12.562071406,36.0
1791219521.855612,1.027127375,10.886955735,36.0
1791219522.8827395,0.971217125,7.016656566,36.0
1791219523.8539567,1.027618042,6.188153807,36.0
1791219524.8815749,1.003802541,17.331610313,36.0
1791219525.8853774,1.000556208,11.696073105,36.0
1791219526.8859336,0.970918083,10.835643426,36.0
1791219527.8568518,1.026182,11.109987054,36.0
1791219528.8830338,0.974606666,12.009759575,36.0
1791219529.8576405,1.027780625,10.927570686,36.0
1791219530.8854213,0.997259375,10.537242095,36.0
1791219531.8826807,1.003612417,10.359131648,36.0
1791219532.886293,1.000254333,10.11787876,36.0
1791219533.8865473,0.970052708,10.238090697,36.0
1791219534.8566,1.027678666,10.064330681,36.0
1791219535.8842788,0.973178375,10.339026652,36.0
1791219536.8574574,1.026147958,9.723787508,36.0
1791219537.8836052,0.997282125,9.780085826,36.0
1791219538.8808875,1.006506792,9.439780399,36.0
1791219539.8873942,0.971275,10.413933306,36.0
1791219540.8586693,1.023034042,10.854198775,36.0
1791219541.8817034,0.976121791,11.124268212,36.0
1791219542.8578253,1.027053667,11.340861357,36.0
1791219543.8848789,0.971561709,11.013911103,36.0
1791219544.8564408,1.025388709,9.524588935,36.0
1791219545.8818295,1.002404,10.442998182,36.0
1791219546.8842335,0.972756292,10.554794778,36.0
1791219547.8569899,1.024561209,10.497351935,36.0
1791219548.881551,1.002293667,10.616535504,36.0
1791219549.8838449,0.998326958,10.946718019,36.0
1791219550.8821719,0.973211791,10.468880971,36.0
1791219551.8553836,1.026230292,10.069704849,36.0
1791219552.881614,0.986415667,9.843885421,36.0
1791219553.8680296,1.014354125,10.11394931,36.0
1791219554.8823838,1.0012665,9.732816457,36.0
1791219555.8836503,0.971278875,10.330150067,36.0
1791219556.8549292,1.026500416,10.171589032,36.0
1791219557.8814297,1.002216417,9.743688791,36.0
1791219558.8836462,0.973894125,9.472642549,36.0
1791219559.8575404,1.027672917,9.439224829,36.0
1791219560.8852134,0.996854542,10.052294798,36.0
1791219561.882068,0.973722125,9.529391822,36.0
1791219562.8557901,1.025633625,9.502331963,36.0
1791219563.8814237,1.013286458,13.241372708,36.0
1791219564.8947103,0.962226375,6.025878066,36.0
1791219565.8569367,1.030633791,5.820645962,36.0
1791219566.8875704,0.994464667,5.080642108,36.0
1791219567.8820353,0.974583209,5.316786819,36.0
1791219568.8566184,1.029996375,5.512023975,36.0
1791219569.8866148,1.009102667,5.086484475,36.0
1791219570.8957176,0.959761834,5.294976397,36.0
1791219571.8554795,1.035343292,4.95507932,36.0
1791219572.890823,1.002534583,4.552064476,36.0
1791219573.8933575,0.99880925,4.472686693,36.0
1791219574.8921666,0.964158917,3.741150247,36.0
1791219575.8563256,1.024639541,3.880743286,36.0
1791219576.8809652,0.975070917,3.641821222,36.0
1791219577.8560362,1.02585875,3.980740512,36.0
1791219578.881895,0.974470125,4.14858665,36.0
1791219579.8563652,1.037060458,4.08808614,36.0
1791219580.8934257,0.963799333,4.193341223,36.0
1791219581.857225,1.02566575,3.759034467,36.0
1791219582.882891,0.997433959,4.477110147,36.0
1791219583.8803248,0.97540675,4.333236008,36.0
1791219584.8557317,1.026676708,4.577740112,36.0
1791219585.8824084,0.974536708,4.333014922,36.0
1791219586.856945,1.024245375,4.273410522,36.0
1791219587.8811905,0.975186291,4.256216846,36.0
1791219588.856377,1.037604833,4.39143425,36.0
1791219589.8939817,0.994026875,4.553609824,36.0
1791219590.8880086,0.96778475,4.252616901,36.0
1791219591.8557935,1.040320209,4.168126453,36.0
1791219592.8961136,0.989326917,4.308807496,36.0
1791219593.8854406,0.971249,4.356991366,36.0
1791219594.8566897,1.02962625,4.372990162,36.0
1791219595.886316,0.969575792,4.577670807,36.0
1791219596.855892,1.042541667,4.497641593,36.0
1791219597.8984334,0.95769,4.477956639,36.0
1791219598.8561237,1.028359334,4.677365983,36.0
1791219599.8844829,0.971524959,3.99314659,36.0
1791219600.856008,1.03793725,4.401312799,36.0
1791219601.8939452,0.961079667,4.682479519,36.0
1791219602.855025,1.026937667,4.332919883,36.0
1791219603.8819628,0.996075375,4.906991793,36.0
1791219604.8780382,0.976713542,4.582589612,36.0
1791219605.8547516,1.030008875,4.277786537,36.0
1791219606.8847606,0.972603917,5.416637351,36.0
1791219607.8573647,1.02627725,4.370205765,36.0
1791219608.8836417,0.969138,4.54477028,36.0
1791219609.8527799,1.036763875,4.412453794,36.0
1791219610.8895438,0.994891791,4.548842189,36.0
1791219611.8844357,0.969873542,4.280619801,36.0
1791219612.8543093,1.038889792,4.952996808,36.0
1791219613.893199,0.962693375,4.208312926,36.0
1791219614.8558924,1.036271042,4.293216971,36.0
1791219615.8921635,0.996326666,4.213031274,36.0
1791219616.8884902,0.965869375,4.248172996,36.0
1791219617.8543596,1.024495583,4.437859154,36.0
1791219618.8788552,1.007146916,3.519172255,36.0
1791219619.8860023,0.968490708,3.681635252,36.0
1791219620.854493,1.025358125,4.051860994,36.0
1791219621.879851,1.005348708,4.030261146,36.0
1791219622.8852,0.966033416,4.533894152,36.0
1791219623.8512335,1.041600875,4.215687103,36.0
1791219624.8928342,0.988161791,4.230654736,36.0
1791219625.8809962,0.974008042,4.373003194,36.0
1791219626.8550043,1.026262167,4.008309599,36.0
1791219627.8812664,1.001918416,4.313055852,36.0
