profile,phase,elapsed_s,process_cpu_percent,decoded,size,luma_psnr_db
reference,high,6.007233708340209,39.75438805859012,181,1280x720,53.9865558758673
reference,low,6.000525583338458,33.36376076053932,90,320x180,0.0
reference,none,6.0206329166539945,31.751744815932337,0,0x0,0.0
reference,high-return,6.000261958339252,39.691667072801906,180,1280x720,53.94903912215026
dynacast,high,6.013653791625984,44.342093715358494,180,1280x720,53.60119436815324
dynacast,low,6.00220749998698,13.8875238818686,90,320x180,0.0
dynacast,none,6.0006844166782685,4.667550908385208,0,0x0,0.0
dynacast,high-return,6.004173624969553,46.08890703113255,181,1280x720,53.723617872989315
h264Dynacast,high,6.005317999981344,17.903165161334332,181,1280x720,47.777603088721094
h264Dynacast,low,6.002249958284665,9.462001815104374,90,320x180,0.0
h264Dynacast,none,6.000353374984115,4.545082313601675,0,0x0,0.0
h264Dynacast,high-return,6.00012804166181,17.319213736515323,163,1280x720,49.56338976927233
