wall_start_s,duration_s,system_percent_per_hour,brightness_percent
1791568928.9147024,0.978558875,20.236600335,25.0
1791568929.8932614,0.968943083,13.075402933,25.0
1791568930.8622046,1.027649708,5.760595544,25.0
1791568931.8898542,0.972196542,5.413567011,25.0
1791568932.8620508,1.028172209,5.324725707,25.0
1791568933.890223,1.000307959,9.115797157,25.0
1791568934.890531,1.00450625,9.23888521,25.0
1791568935.8950374,0.966048542,7.178713696,25.0
1791568936.861086,1.034224084,6.226139084,25.0
1791568937.8953102,0.967978459,5.244596248,25.0
1791568938.8632886,1.025659959,5.255942455,25.0
1791568939.8889487,1.000527292,12.161556429,25.0
1791568940.8894758,1.001275166,6.910846606,25.0
1791568941.8907511,1.001789458,5.51980504,25.0
1791568942.8925407,0.971044667,7.776391494,25.0
1791568943.8635852,1.027102042,6.882847495,25.0
1791568944.8906875,1.000754958,9.892221216,25.0
1791568945.8914425,1.004905541,7.818627868,25.0
1791568946.896348,0.968485583,6.751198983,25.0
1791568947.8648336,1.017991792,6.384628813,25.0
1791568948.8828254,1.008657792,41.10013306,25.0
1791568949.8914833,0.97186225,22.01634139,25.0
1791568950.8633456,1.022403125,15.232481808,25.0
1791568951.8857489,0.982501792,13.853999788,25.0
1791568952.8682506,1.024213125,13.153829894,25.0
1791568953.8924637,0.975320958,12.825694706,25.0
1791568954.8677847,1.020553792,10.286258638,25.0
1791568955.8883386,1.003115042,7.693013941,25.0
1791568956.8914537,0.968396208,5.963444678,25.0
1791568957.85985,1.031558916,7.99456733,25.0
1791568958.891409,0.968580833,6.658226692,25.0
1791568959.85999,1.028222333,5.629933298,25.0
1791568960.8882122,0.999333833,7.784500623,25.0
1791568961.887546,1.00794925,10.168126605,25.0
1791568962.8954954,0.965784,6.992043187,25.0
1791568963.8612792,1.0337185,6.84047136,25.0
1791568964.8949978,0.970263083,5.276608671,25.0
1791568965.865261,1.025668292,7.300923498,25.0
1791568966.8909295,0.993808625,6.473542125,25.0
1791568967.884738,0.980667292,5.391196109,25.0
1791568968.8654053,1.028887584,4.792675357,25.0
1791568969.894293,0.969058125,4.7385548,25.0
1791568970.863351,1.02274075,5.60353616,25.0
1791568971.886092,0.978093833,9.394444983,25.0
1791568972.8641858,1.019103208,16.807081205,25.0
1791568973.883289,0.976106583,21.590607125,25.0
1791568974.8593957,1.024654791,8.295389252,25.0
1791568975.8840506,1.004216875,6.304130569,25.0
1791568976.8882675,0.97124225,2.410992717,25.0
1791568977.8595097,1.039472709,2.346543918,25.0
1791568978.8989825,0.98769675,2.43004824,25.0
1791568979.8866792,0.99963125,2.365984753,25.0
1791568980.8863106,0.973089791,2.346077083,25.0
1791568981.8594005,1.03089325,2.345844713,25.0
1791568982.8902936,0.973392708,2.322795871,25.0
1791568983.8636863,1.024276291,2.015001876,25.0
