resolution,input,technique,p50_ms,p95_ms,cpu_ms_per_frame
1280x720,I420,reference,0.033166666980832815,0.03550003748387098,0.04309999999999832
1280x720,I420,cachedPlanes,0.031083356589078903,0.036166689824312925,0.041874999999998865
1280x720,I420,accelerate,0.13687502359971404,0.14420831575989723,0.14702500000000024
1280x720,I420,nativeCopy,0.032333366107195616,0.03670837031677365,0.04134166666666867
1280x720,I420,nativeTransfer,0.03208330599591136,0.03529165405780077,0.04077500000000024
1280x720,NV12-crop,reference,0.1286666956730187,0.16229163156822324,0.14399166666666663
1280x720,NV12-crop,cachedPlanes,0.1264166785404086,0.13695837697014213,0.1381333333333373
1280x720,NV12-crop,accelerate,0.23858336498960853,0.27704163221642375,0.2556249999999996
1280x720,NV12-crop,nativeCopy,0.034374999813735485,0.03854167880490422,0.04972499999999892
1280x720,NV12-crop,nativeTransfer,0.04087504930794239,0.046833360102027655,0.057700000000001715
1280x720,NV12-scale,reference,1.0407500085420907,1.0628332966007292,1.0540833333333297
1280x720,NV12-scale,cachedPlanes,1.0325000039301813,1.0621667024679482,1.0459166666666704
1280x720,NV12-scale,accelerate,1.0592916514724493,1.0842916672118008,1.072791666666666
1280x720,NV12-scale,nativeCopy,1.040291681420058,1.0616666986607015,1.0563000000000007
1280x720,NV12-scale,nativeTransfer,0.1888750120997429,0.2049999893642962,0.2030833333333343
1920x1080,I420,reference,0.06108335219323635,0.06937497528269887,0.07326666666666787
1920x1080,I420,cachedPlanes,0.060916703660041094,0.06833334919065237,0.07340833333333308
1920x1080,I420,accelerate,0.3081666654907167,0.3189166891388595,0.32039999999999885
1920x1080,I420,nativeCopy,0.06020837463438511,0.0664166291244328,0.07240000000000085
1920x1080,I420,nativeTransfer,0.06012496305629611,0.06737501826137304,0.0712916666666653
1920x1080,NV12-crop,reference,0.32733328407630324,0.35024998942390084,0.339291666666666
1920x1080,NV12-crop,cachedPlanes,0.33041666029021144,0.364166684448719,0.3420166666666622
1920x1080,NV12-crop,accelerate,0.5723333451896906,0.59870834229514,0.5835166666666737
1920x1080,NV12-crop,nativeCopy,0.06287498399615288,0.07200002437457442,0.07393333333332824
1920x1080,NV12-crop,nativeTransfer,0.06858335109427571,0.07695832755416632,0.07936666666666573
1920x1080,NV12-scale,reference,2.3250000085681677,2.3616250255145133,2.3342999999999963
1920x1080,NV12-scale,cachedPlanes,2.330999996047467,2.397708303760737,2.345925
1920x1080,NV12-scale,accelerate,2.3804166703484952,2.4349166778847575,2.39456666666667
1920x1080,NV12-scale,nativeCopy,2.3219166905619204,2.367916633374989,2.3366416666666625
1920x1080,NV12-scale,nativeTransfer,0.2981250290758908,0.3491666284389794,0.31459166666667215
3840x2160,I420,reference,0.2675833529792726,0.2988750347867608,0.2821666666666715
3840x2160,I420,cachedPlanes,0.2796666231006384,0.32483338145539165,0.2961750000000014
3840x2160,I420,accelerate,1.2955833226442337,1.3535000034607947,1.3138999999999972
3840x2160,I420,nativeCopy,0.26299996534362435,0.3241666709072888,0.2834416666666698
3840x2160,I420,nativeTransfer,0.26329170214012265,0.30895834788680077,0.27595833333333153
3840x2160,NV12-crop,reference,1.3239583349786699,1.6105000395327806,1.3782416666666601
3840x2160,NV12-crop,cachedPlanes,1.3188750017434359,1.5852500218898058,1.364033333333335
3840x2160,NV12-crop,accelerate,2.3450416629202664,2.550958364736289,2.3689833333333317
3840x2160,NV12-crop,nativeCopy,0.31470833346247673,0.4282500012777746,0.3361166666666653
3840x2160,NV12-crop,nativeTransfer,0.3130416735075414,0.362000020686537,0.333258333333337
3840x2160,NV12-scale,reference,9.456583298742771,9.590125002432615,9.478741666666672
3840x2160,NV12-scale,cachedPlanes,9.418374975211918,9.548291680403054,9.44216666666667
3840x2160,NV12-scale,accelerate,9.6835833392106,9.79737500892952,9.71154166666666
3840x2160,NV12-scale,nativeCopy,9.431291662622243,9.586250002030283,9.468649999999988
3840x2160,NV12-scale,nativeTransfer,2.4139583110809326,2.5398333091288805,2.432883333333348
