size,input,technique,p50_ms,p95_ms,cpu_ms_per_frame
1280x720,I420,reference,0.03616663161665201,0.03929162630811334,0.04559999999999794
1280x720,I420,cachedPlanes,0.03291666507720947,0.03662501694634557,0.04278333333333346
1280x720,I420,accelerate,0.16129168216139078,0.1841250341385603,0.17160833333333395
1280x720,I420,nativeCopy,0.03645836841315031,0.04395830910652876,0.0466416666666665
1280x720,I420,nativeTransfer,0.036583340261131525,0.0429583596996963,0.04733333333333576
1280x720,NV12-crop,reference,0.13179169036448002,0.24220836348831654,0.15013333333333398
1280x720,NV12-crop,cachedPlanes,0.14029169688001275,0.2445416757836938,0.1578583333333351
1280x720,NV12-crop,accelerate,0.24374999338760972,0.3092916449531913,0.2623999999999967
1280x720,NV12-crop,nativeCopy,0.030541676096618176,0.0334583455696702,0.04107500000000073
1280x720,NV12-crop,nativeTransfer,0.04116666968911886,0.04875002196058631,0.05213333333333215
1280x720,NV12-scale,reference,1.0246250312775373,1.0926666436716914,1.0431916666666685
1280x720,NV12-scale,cachedPlanes,1.028750033583492,1.0980833321809769,1.0441333333333376
1280x720,NV12-scale,accelerate,1.0537083144299686,1.105500035919249,1.0681333333333272
1280x720,NV12-scale,nativeCopy,1.030833343975246,1.098833337891847,1.0454166666666689
1280x720,NV12-scale,nativeTransfer,0.18312502652406693,0.20858336938545108,0.19610000000000127
1920x1080,I420,reference,0.05820835940539837,0.06679166108369827,0.07005833333332703
1920x1080,I420,cachedPlanes,0.05537504330277443,0.07583334809169173,0.06887499999999894
1920x1080,I420,accelerate,0.29841664945706725,0.34054165007546544,0.313483333333329
1920x1080,I420,nativeCopy,0.05500001134350896,0.06066664354875684,0.06716666666666621
1920x1080,I420,nativeTransfer,0.05833333125337958,0.06791669875383377,0.07023333333333236
1920x1080,NV12-crop,reference,0.31874998239800334,0.41162496199831367,0.340300000000002
1920x1080,NV12-crop,cachedPlanes,0.31666667200624943,0.4476666799746454,0.3460999999999937
1920x1080,NV12-crop,accelerate,0.5621666787192225,0.6872916710563004,0.5844666666666701
1920x1080,NV12-crop,nativeCopy,0.056166667491197586,0.06995833246037364,0.0679583333333312
1920x1080,NV12-crop,nativeTransfer,0.0677499920129776,0.07791665848344564,0.07999999999999924
1920x1080,NV12-scale,reference,2.283333335071802,2.412874950096011,2.3118499999999966
1920x1080,NV12-scale,cachedPlanes,2.276625018566847,2.4039583513513207,2.302550000000004
1920x1080,NV12-scale,accelerate,2.3521249531768262,2.4900833377614617,2.370599999999998
1920x1080,NV12-scale,nativeCopy,2.2785000037401915,2.4094166583381593,2.3048583333333377
1920x1080,NV12-scale,nativeTransfer,0.29241666197776794,0.4099166835658252,0.31474166666666104
3840x2160,I420,reference,0.26145833544433117,0.3926249919459224,0.29834999999999734
3840x2160,I420,cachedPlanes,0.2615833072923124,0.5192499957047403,0.30443333333333084
3840x2160,I420,accelerate,1.291499997023493,1.5100000309757888,1.3286249999999995
3840x2160,I420,nativeCopy,0.2659166348166764,0.45704166404902935,0.30467500000000125
3840x2160,I420,nativeTransfer,0.25958335027098656,0.4673333023674786,0.30033333333333684
3840x2160,NV12-crop,reference,1.4334583538584411,1.7877916689030826,1.4684250000000059
3840x2160,NV12-crop,cachedPlanes,1.3967083068564534,1.7695000278763473,1.4546333333333374
3840x2160,NV12-crop,accelerate,2.383958315476775,2.720583346672356,2.4328166666666675
3840x2160,NV12-crop,nativeCopy,0.31783332815393806,0.5531666683964431,0.34898333333333087
3840x2160,NV12-crop,nativeTransfer,0.34520833287388086,0.5037499940954149,0.37320833333333214
3840x2160,NV12-scale,reference,9.400541661307216,9.771000011824071,9.435591666666664
3840x2160,NV12-scale,cachedPlanes,9.378666640259326,9.86450002528727,9.40791666666665
3840x2160,NV12-scale,accelerate,9.629125008359551,9.851249982602894,9.633925000000014
3840x2160,NV12-scale,nativeCopy,9.380666655488312,9.776041668374091,9.412558333333346
3840x2160,NV12-scale,nativeTransfer,2.461416646838188,2.8887499938718975,2.497924999999979
